"FormatVersion","v1.0"
"Disclaimer","This pricing list is for informational purposes only. All prices are subject to the additional terms included in the pricing pages on http://aws.amazon.com. All Free Tier prices are also subject to the terms included at https://aws.amazon.com/free/"
"Publication Date","2017-03-02T18:32:21Z"
"Version","20170302183221"
"OfferCode","AmazonEC2"
"SKU","OfferTermCode","RateCode","TermType","PriceDescription","EffectiveDate","StartingRange","EndingRange","Unit","PricePerUnit","Currency","LeaseContractLength","PurchaseOption","OfferingClass","Product Family","serviceCode","Location","Location Type","Instance Type","Current Generation","Instance Family","vCPU","Physical Processor","Clock Speed","Memory","Storage","Network Performance","Processor Architecture","Storage Media","Volume Type","Max Volume Size","Max IOPS/volume","Max IOPS Burst Performance","Max throughput/volume","Provisioned","Tenancy","EBS Optimized","Operating System","License Model","Group","Group Description","Transfer Type","From Location","From Location Type","To Location","To Location Type","usageType","operation","Comments","Dedicated EBS Throughput","Enhanced Networking Supported","GPU","Instance Capacity - 10xlarge","Instance Capacity - 2xlarge","Instance Capacity - 4xlarge","Instance Capacity - 8xlarge","Instance Capacity - large","Instance Capacity - medium","Instance Capacity - xlarge","Intel AVX Available","Intel AVX2 Available","Intel Turbo Available","Physical Cores","Pre Installed S/W","Processor Features","Sockets"
"YQHNG5NBWUE3D67S","4NA7Y494T4","YQHNG5NBWUE3D67S.4NA7Y494T4.6YS6EN2CT7","Reserved","Red Hat Enterprise Linux (Amazon VPC), m4.xlarge instance-hours used this month","2016-11-30","0","Inf","Hrs","0.2230000000","USD","1yr","No Upfront","standard","Compute Instance","AmazonEC2","US East (Ohio)","AWS Region","m4.xlarge","Yes","General purpose","4","Intel Xeon E5-2676 v3 (Haswell)","2.4  GHz","16 GiB","EBS only","High","64-bit",,,,,,,,"Dedicated",,"RHEL","No License required",,,,,,,,"USE2-DedicatedUsage:m4.xlarge","RunInstances:0010",,"750 Mbps","Yes",,,,,,,,,,,,,"NA","Intel AVX; Intel AVX2; Intel Turbo",
"EYDF9FPAH9XHZRBR","Z2E3P23VKM","EYDF9FPAH9XHZRBR.Z2E3P23VKM.6YS6EN2CT7","Reserved","Windows with SQL Server Web (Amazon VPC), r4.16xlarge instance-hours used this month","2016-10-31","0","Inf","Hrs","7.3070000000","USD","3yr","No Upfront","convertible","Compute Instance","AmazonEC2","EU (Frankfurt)","AWS Region","r4.16xlarge","Yes","Memory optimized","64","Intel Xeon E5-2686 v4 (Broadwell)","2.3 GHz","488 GiB","EBS only","20 Gigabit","64-bit",,,,,,,,"Shared",,"Windows","License Included",,,,,,,,"EUC1-BoxUsage:r4.16xlarge","RunInstances:0202",,"12000 Mbps","Yes",,,,,,,,,,,,,"SQL Web","Intel AVX, Intel AVX2, Intel Turbo",
"WQ8JS87GX5QJ6VS4","JRTCKXETXF","WQ8JS87GX5QJ6VS4.JRTCKXETXF.6YS6EN2CT7","OnDemand","$5.138 per Dedicated Windows i2.4xlarge Instance Hour","2017-02-01","0","Inf","Hrs","5.1382000000","USD",,,,"Compute Instance","AmazonEC2","Asia Pacific (Seoul)","AWS Region","i2.4xlarge","Yes","Storage optimized","16","Intel Xeon E5-2670 v2 (Ivy Bridge)","2.5 GHz","122 GiB","4 x 800 SSD","High","64-bit",,,,,,,,"Dedicated",,"Windows","License Included",,,,,,,,"APN2-DedicatedUsage:i2.4xlarge","RunInstances:0002",,,"Yes",,,,,,,,,,,,,"NA","Intel AVX; Intel Turbo",
"74DZW9N4CZYAFK93","HU7G6KETJZ","74DZW9N4CZYAFK93.HU7G6KETJZ.6YS6EN2CT7","Reserved","Windows with SQL Server Standard (Amazon VPC), m3.2xlarge instance-hours used this month","2015-04-30","0","Inf","Hrs","1.0070000000","USD","1yr","Partial Upfront","standard","Compute Instance","AmazonEC2","Asia Pacific (Singapore)","AWS Region","m3.2xlarge","Yes","General purpose","8","Intel Xeon E5-2670 v2 (Ivy Bridge/Sandy Bridge)","2.5 GHz","30 GiB","2 x 80 SSD","High","64-bit",,,,,,,,"Dedicated",,"Windows","License Included",,,,,,,,"APS1-DedicatedUsage:m3.2xlarge","RunInstances:0006",,,,,,,,,,,,,,,,"SQL Std","Intel AVX; Intel Turbo",
"AWKS5CKWCSZXNP34","6QCMYABX3D","AWKS5CKWCSZXNP34.6QCMYABX3D.2TG2D8R56U","Reserved","Upfront Fee","2016-10-31",,,"Quantity","1080","USD","1yr","All Upfront","standard","Compute Instance","AmazonEC2","Asia Pacific (Sydney)","AWS Region","m1.medium","No","General purpose","1","Intel Xeon Family",,"3.75 GiB","1 x 410","Moderate","32-bit or 64-bit",,,,,,,,"Shared",,"RHEL","No License required",,,,,,,,"APS2-BoxUsage:m1.medium","RunInstances:0010",,,,,,,,,,,,,,,,"NA",,
"MM89A8ZSTKMB3A6H","HU7G6KETJZ","MM89A8ZSTKMB3A6H.HU7G6KETJZ.2TG2D8R56U","Reserved","Upfront Fee","2016-11-30",,,"Quantity","530","USD","1yr","Partial Upfront","standard","Compute Instance","AmazonEC2","US West (Oregon)","AWS Region","c4.xlarge","Yes","Compute optimized","4","Intel Xeon E5-2666 v3 (Haswell)","2.9 GHz","7.5 GiB","EBS only","High","64-bit",,,,,,,,"Shared",,"RHEL","No License required",,,,,,,,"USW2-BoxUsage:c4.xlarge","RunInstances:0010",,"750 Mbps","Yes",,,,,,,,,,,,,"NA","Intel AVX; Intel AVX2; Intel Turbo",
"XDY5DXRYQV4CM3ED","38NPMPTW36","XDY5DXRYQV4CM3ED.38NPMPTW36.2TG2D8R56U","Reserved","Upfront Fee","2016-11-30",,,"Quantity","17213","USD","3yr","Partial Upfront","standard","Compute Instance","AmazonEC2","South America (Sao Paulo)","AWS Region","c4.4xlarge","Yes","Compute optimized","16","Intel Xeon E5-2666 v3 (Haswell)","2.9 GHz","30 GiB","EBS only","High","64-bit",,,,,,,,"Shared",,"Windows","License Included",,,,,,,,"SAE1-BoxUsage:c4.4xlarge","RunInstances:0002",,"2000 Mbps","Yes",,,,,,,,,,,,,"NA","Intel AVX; Intel AVX2; Intel Turbo",
"7KJGAP92XUC2ZZ3E","R5XV2EPZQZ","7KJGAP92XUC2ZZ3E.R5XV2EPZQZ.6YS6EN2CT7","Reserved","Windows with SQL Server Web (Amazon VPC), t2.large instance-hours used this month","2016-11-30","0","Inf","Hrs","0.1100000000","USD","3yr","Partial Upfront","convertible","Compute Instance","AmazonEC2","South America (Sao Paulo)","AWS Region","t2.large",,"General purpose","2","Intel Xeon Family","Up to 3.0 GHz","8 GiB","EBS only","Low to Moderate","64-bit",,,,,,,,"Shared",,"Windows","License Included",,,,,,,,"SAE1-BoxUsage:t2.large","RunInstances:0202",,,,,,,,,,,,,,,,"SQL Web","Intel AVX; Intel Turbo",
"4EBV6P5EQBBDFNKX","38NPMPTW36","4EBV6P5EQBBDFNKX.38NPMPTW36.6YS6EN2CT7","Reserved","Windows with SQL Server Enterprise (Amazon VPC), m4.2xlarge instance-hours used this month","2016-10-31","0","Inf","Hrs","1.7780000000","USD","3yr","Partial Upfront","standard","Compute Instance","AmazonEC2","US East (N. Virginia)","AWS Region","m4.2xlarge","Yes","General purpose","8","Intel Xeon E5-2676 v3 (Haswell)","2.4 GHz","32 GiB","EBS only","High","64-bit",,,,,,,,"Dedicated",,"Windows","License Included",,,,,,,,"DedicatedUsage:m4.2xlarge","RunInstances:0102",,"1000 Mbps","Yes",,,,,,,,,,,,,"SQL Server Enterprise","Intel AVX; Intel AVX2; Intel Turbo",
"QPX7XJ4NR7V93P4R","MZU6U2429S","QPX7XJ4NR7V93P4R.MZU6U2429S.2TG2D8R56U","Reserved","Upfront Fee","2016-10-31",,,"Quantity","115184","USD","3yr","All Upfront","convertible","Compute Instance","AmazonEC2","EU (Frankfurt)","AWS Region","i2.8xlarge","Yes","Storage optimized","32","Intel Xeon E5-2670 v2 (Ivy Bridge)","2.5 GHz","244 GiB","8 x 800 SSD","10 Gigabit","64-bit",,,,,,,,"Dedicated",,"Windows","License Included",,,,,,,,"EUC1-DedicatedUsage:i2.8xlarge","RunInstances:0202",,,"Yes",,,,,,,,,,,,,"SQL Web","Intel AVX; Intel Turbo",
"BBAW6ZKC884M5RVX","JRTCKXETXF","BBAW6ZKC884M5RVX.JRTCKXETXF.6YS6EN2CT7","OnDemand","$0.368 per On Demand RHEL m3.xlarge Instance Hour","2017-02-01","0","Inf","Hrs","0.3680000000","USD",,,,"Compute Instance","AmazonEC2","US West (N. California)","AWS Region","m3.xlarge","Yes","General purpose","4","Intel Xeon E5-2670 v2 (Ivy Bridge/Sandy Bridge)","2.5 GHz","15 GiB","2 x 40 SSD","High","64-bit",,,,,,,,"Shared",,"RHEL","No License required",,,,,,,,"USW1-BoxUsage:m3.xlarge","RunInstances:0010",,,,,,,,,,,,,,,,"NA","Intel AVX; Intel Turbo",
"UGNU7QCPSEHQ4SA7","JRTCKXETXF","UGNU7QCPSEHQ4SA7.JRTCKXETXF.6YS6EN2CT7","OnDemand","$0.000 per SUSE r3.8xlarge Dedicated Host Instance hour","2017-02-01","0","Inf","Hrs","0.0000000000","USD",,,,"Compute Instance","AmazonEC2","AWS GovCloud (US)","AWS Region","r3.8xlarge","Yes","Memory optimized","32","Intel Xeon E5-2670 v2 (Ivy Bridge)","2.5 GHz","244 GiB","2 x 320 SSD","10 Gigabit","64-bit",,,,,,,,"Host",,"SUSE","No License required",,,,,,,,"UGW1-HostBoxUsage:r3.8xlarge","RunInstances:000g",,,"Yes",,,,,,,,,,,,,"NA","Intel AVX; Intel Turbo",
"KJQ798MAZMM44GQR","Z2E3P23VKM","KJQ798MAZMM44GQR.Z2E3P23VKM.6YS6EN2CT7","Reserved","Linux/UNIX (Amazon VPC), d2.4xlarge instance-hours used this month","2016-11-30","0","Inf","Hrs","1.9130000000","USD","3yr","No Upfront","convertible","Compute Instance","AmazonEC2","AWS GovCloud (US)","AWS Region","d2.4xlarge","Yes","Storage optimized","16","Intel Xeon E5-2676v3 (Haswell)","2.4 GHz","122 GiB","12 x 2000 HDD","High","64-bit",,,,,,,,"Dedicated",,"Linux","No License required",,,,,,,,"UGW1-DedicatedUsage:d2.4xlarge","RunInstances",,,"Yes",,,,,,,,,,,,,"NA","Intel AVX; Intel AVX2; Intel Turbo",
"VJTE5QPZS53YGPGK","NQ3QZPMQV9","VJTE5QPZS53YGPGK.NQ3QZPMQV9.2TG2D8R56U","Reserved","Upfront Fee","2016-11-30",,,"Quantity","2575","USD","3yr","All Upfront","standard","Compute Instance","AmazonEC2","Asia Pacific (Sydney)","AWS Region","t2.large",,"General purpose","2","Intel Xeon Family","Up to 3.0 GHz","8 GiB","EBS only","Low to Moderate","64-bit",,,,,,,,"Shared",,"Windows","License Included",,,,,,,,"APS2-BoxUsage:t2.large","RunInstances:0002",,,,,,,,,,,,,,,,"NA","Intel AVX; Intel Turbo",
"AFHR7V5KAHXD8DCR","NQ3QZPMQV9","AFHR7V5KAHXD8DCR.NQ3QZPMQV9.2TG2D8R56U","Reserved","Upfront Fee","2016-09-30",,,"Quantity","2147","USD","3yr","All Upfront","standard","Compute Instance","AmazonEC2","EU (Ireland)","AWS Region","t2.medium",,"General purpose","2","Intel Xeon Family","Up to 3.3 GHz","4 GiB","EBS only","Low to Moderate","32-bit or 64-bit",,,,,,,,"Shared",,"RHEL","No License required",,,,,,,,"EU-BoxUsage:t2.medium","RunInstances:0010",,,,,,,,,,,,,,,,"NA","Intel AVX; Intel Turbo",
"RFPB54JTU6FHGKQV","R5XV2EPZQZ","RFPB54JTU6FHGKQV.R5XV2EPZQZ.6YS6EN2CT7","Reserved","Windows with SQL Server Standard (Amazon VPC), c3.large instance-hours used this month","2016-09-30","0","Inf","Hrs","0.2540000000","USD","3yr","Partial Upfront","convertible","Compute Instance","AmazonEC2","Asia Pacific (Tokyo)","AWS Region","c3.large","Yes","Compute optimized","2","Intel Xeon E5-2680 v2 (Ivy Bridge)","2.8 GHz","3.75 GiB","2 x 16 SSD","Moderate","32-bit or 64-bit",,,,,,,,"Dedicated",,"Windows","License Included",,,,,,,,"APN1-DedicatedUsage:c3.large","RunInstances:0006",,,"Yes",,,,,,,,,,,,,"SQL Std","Intel AVX; Intel Turbo",
"4TE6EMDQEPCBNFAE","NQ3QZPMQV9","4TE6EMDQEPCBNFAE.NQ3QZPMQV9.2TG2D8R56U","Reserved","Upfront Fee","2015-04-30",,,"Quantity","23691","USD","3yr","All Upfront","standard","Compute Instance","AmazonEC2","US East (N. Virginia)","AWS Region","i2.4xlarge","Yes","Storage optimized","16","Intel Xeon E5-2670 v2 (Ivy Bridge)","2.5 GHz","122 GiB","4 x 800 SSD","High","64-bit",,,,,,,,"Shared",,"RHEL","No License required",,,,,,,,"BoxUsage:i2.4xlarge","RunInstances:0010",,,"Yes",,,,,,,,,,,,,"NA","Intel AVX; Intel Turbo",
"TSMSMEFQSHNWYBFM","38NPMPTW36","TSMSMEFQSHNWYBFM.38NPMPTW36.6YS6EN2CT7","Reserved","Windows with SQL Server Standard (Amazon VPC), i2.xlarge instance-hours used this month","2016-10-31","0","Inf","Hrs","0.4930000000","USD","3yr","Partial Upfront","standard","Compute Instance","AmazonEC2","Asia Pacific (Sydney)","AWS Region","i2.xlarge","Yes","Storage optimized","4","Intel Xeon E5-2670 v2 (Ivy Bridge)","2.5 GHz","30.5 GiB","1 x 800 SSD","Moderate","64-bit",,,,,,,,"Dedicated",,"Windows","License Included",,,,,,,,"APS2-DedicatedUsage:i2.xlarge","RunInstances:0006",,,"Yes",,,,,,,,,,,,,"SQL Std","Intel AVX; Intel Turbo",
"JTGV9CDXHQF4NMN4","JRTCKXETXF","JTGV9CDXHQF4NMN4.JRTCKXETXF.6YS6EN2CT7","OnDemand","$2.063 per On Demand Windows with SQL Server Enterprise r3.xlarge Instance Hour","2017-02-01","0","Inf","Hrs","2.0630000000","USD",,,,"Compute Instance","AmazonEC2","Asia Pacific (Mumbai)","AWS Region","r3.xlarge","Yes","Memory optimized","4","Intel Xeon E5-2670 v2 (Ivy Bridge)","2.5 GHz","30.5 GiB","1 x 80 SSD","Moderate","64-bit",,,,,,,,"Shared",,"Windows","License Included",,,,,,,,"APS3-BoxUsage:r3.xlarge","RunInstances:0102",,,"Yes",,,,,,,,,,,,,"SQL Server Enterprise","Intel AVX; Intel Turbo",
"GDSCFT6UMGKNRQCS","HU7G6KETJZ","GDSCFT6UMGKNRQCS.HU7G6KETJZ.6YS6EN2CT7","Reserved","Windows with SQL Server Standard (Amazon VPC), r4.4xlarge instance-hours used this month","2016-10-31","0","Inf","Hrs","2.9720000000","USD","1yr","Partial Upfront","standard","Compute Instance","AmazonEC2","US East (Ohio)","AWS Region","r4.4xlarge","Yes","Memory optimized","16","Intel Xeon E5-2686 v4 (Broadwell)","2.3 GHz","122 GiB","EBS only","Up to 10 Gigabit","64-bit",,,,,,,,"Dedicated",,"Windows","License Included",,,,,,,,"USE2-DedicatedUsage:r4.4xlarge","RunInstances:0006",,"3000 Mbps","Yes",,,,,,,,,,,,,"SQL Std","Intel AVX, Intel AVX2, Intel Turbo",
"MUR4KY89WXF2GPZ6","R5XV2EPZQZ","MUR4KY89WXF2GPZ6.R5XV2EPZQZ.6YS6EN2CT7","Reserved","SUSE Linux (Amazon VPC), r3.8xlarge instance-hours used this month","2016-09-30","0","Inf","Hrs","0.6020000000","USD","3yr","Partial Upfront","convertible","Compute Instance","AmazonEC2","EU (Ireland)","AWS Region","r3.8xlarge","Yes","Memory optimized","32","Intel Xeon E5-2670 v2 (Ivy Bridge)","2.5 GHz","244 GiB","2 x 320 SSD","10 Gigabit","64-bit",,,,,,,,"Shared",,"SUSE","No License required",,,,,,,,"EU-BoxUsage:r3.8xlarge","RunInstances:000g",,,"Yes",,,,,,,,,,,,,"NA","Intel AVX; Intel Turbo",
"CPND4DX889DY5TQ2","R5XV2EPZQZ","CPND4DX889DY5TQ2.R5XV2EPZQZ.2TG2D8R56U","Reserved","Upfront Fee","2016-10-31",,,"Quantity","7557","USD","3yr","Partial Upfront","convertible","Compute Instance","AmazonEC2","US West (N. California)","AWS Region","r4.2xlarge","Yes","Memory optimized","8","Intel Xeon E5-2686 v4 (Broadwell)","2.3 GHz","61 GiB","EBS only","Up to 10 Gigabit","64-bit",,,,,,,,"Shared",,"Windows","License Included",,,,,,,,"USW1-BoxUsage:r4.2xlarge","RunInstances:0202",,"1600 Mbps","Yes",,,,,,,,,,,,,"SQL Web","Intel AVX, Intel AVX2, Intel Turbo",
"TDHUGUU9HQMWQTHY","Z2E3P23VKM","TDHUGUU9HQMWQTHY.Z2E3P23VKM.6YS6EN2CT7","Reserved","Windows with SQL Server Standard (Amazon VPC), x1.16xlarge instance-hours used this month","2016-09-30","0","Inf","Hrs","29.6110000000","USD","3yr","No Upfront","convertible","Compute Instance","AmazonEC2","EU (Ireland)","AWS Region","x1.16xlarge",,"Memory optimized","64","High Frequency Intel Xeon E7-8880 v3 (Haswell)","2.3 GHz","976 Gib","1 x 1,920","High","64-bit",,,,,,,,"Dedicated",,"Windows","License Included",,,,,,,,"EU-DedicatedUsage:x1.16xlarge","RunInstances:0006",,,"Yes",,,,,,,,,"Yes","Yes","Yes",,"SQL Std",,
"3DBNGU5BH9J4VK6H","Z2E3P23VKM","3DBNGU5BH9J4VK6H.Z2E3P23VKM.6YS6EN2CT7","Reserved","Windows with SQL Server Standard (Amazon VPC), c3.8xlarge instance-hours used this month","2016-09-30","0","Inf","Hrs","6.0260000000","USD","3yr","No Upfront","convertible","Compute Instance","AmazonEC2","EU (Ireland)","AWS Region","c3.8xlarge","Yes","Compute optimized","32","Intel Xeon E5-2680 v2 (Ivy Bridge)","2.8 GHz","60 GiB","2 x 320 SSD","10 Gigabit","64-bit",,,,,,,,"Dedicated",,"Windows","License Included",,,,,,,,"EU-DedicatedUsage:c3.8xlarge","RunInstances:0006",,,"Yes",,,,,,,,,,,,,"SQL Std","Intel AVX; Intel Turbo",
"TNGJZJZRV2M9QWEH","JRTCKXETXF","TNGJZJZRV2M9QWEH.JRTCKXETXF.6YS6EN2CT7","OnDemand","$33.842 per On Demand Windows with SQL Std x1.16xlarge Instance Hour","2017-02-01","0","Inf","Hrs","33.8420000000","USD",,,,"Compute Instance","AmazonEC2","Asia Pacific (Sydney)","AWS Region","x1.16xlarge",,"Memory optimized","64","High Frequency Intel Xeon E7-8880 v3 (Haswell)","2.3 GHz","976 Gib","1 x 1,920","High","64-bit",,,,,,,,"Shared",,"Windows","License Included",,,,,,,,"APS2-BoxUsage:x1.16xlarge","RunInstances:0006",,,"Yes",,,,,,,,,"Yes","Yes","Yes",,"SQL Std",,
"KYFX85FCPCCT57BD","MZU6U2429S","KYFX85FCPCCT57BD.MZU6U2429S.6YS6EN2CT7","Reserved","USD 0.0 per Linux/UNIX (Amazon VPC), c3.8xlarge instance-hour (or partial hour)","2016-08-31","0","Inf","Hrs","0.0000000000","USD","3yr","All Upfront","convertible","Compute Instance","AmazonEC2","EU (Frankfurt)","AWS Region","c3.8xlarge","Yes","Compute optimized","32","Intel Xeon E5-2680 v2 (Ivy Bridge)","2.8 GHz","60 GiB","2 x 320 SSD","10 Gigabit","64-bit",,,,,,,,"Shared",,"Linux","No License required",,,,,,,,"EUC1-BoxUsage:c3.8xlarge","RunInstances",,,"Yes",,,,,,,,,,,,,"NA","Intel AVX; Intel Turbo",
"NCWXGDK9JC8YUG4B","38NPMPTW36","NCWXGDK9JC8YUG4B.38NPMPTW36.2TG2D8R56U","Reserved","Upfront Fee","2015-12-31",,,"Quantity","10643","USD","3yr","Partial Upfront","standard","Compute Instance","AmazonEC2","EU (Ireland)","AWS Region","r3.2xlarge","Yes","Memory optimized","8","Intel Xeon E5-2670 v2 (Ivy Bridge)","2.5 GHz","61 GiB","1 x 160 SSD","High","64-bit",,,,,,,,"Shared",,"Windows","License Included",,,,,,,,"EU-BoxUsage:r3.2xlarge","RunInstances:0002",,,"Yes",,,,,,,,,,,,,"NA","Intel AVX; Intel Turbo",
"58MCC87P4WYFPC5Q","6QCMYABX3D","58MCC87P4WYFPC5Q.6QCMYABX3D.6YS6EN2CT7","Reserved","USD 0.0 per SUSE Linux (Amazon VPC), d2.4xlarge instance-hour (or partial hour)","2015-04-30","0","Inf","Hrs","0.0000000000","USD","1yr","All Upfront","standard","Compute Instance","AmazonEC2","Asia Pacific (Singapore)","AWS Region","d2.4xlarge","Yes","Storage optimized","16","Intel Xeon E5-2676v3 (Haswell)","2.4 GHz","122 GiB","12 x 2000 HDD","High","64-bit",,,,,,,,"Dedicated",,"SUSE","No License required",,,,,,,,"APS1-DedicatedUsage:d2.4xlarge","RunInstances:000g",,,"Yes",,,,,,,,,,,,,"NA","Intel AVX; Intel AVX2; Intel Turbo",
"YPBKXPNSR33933KS","HU7G6KETJZ","YPBKXPNSR33933KS.HU7G6KETJZ.2TG2D8R56U","Reserved","Upfront Fee","2016-11-30",,,"Quantity","832","USD","1yr","Partial Upfront","standard","Compute Instance","AmazonEC2","EU (Frankfurt)","AWS Region","m4.large","Yes","General purpose","2","Intel Xeon E5-2676 v3 (Haswell)","2.4 GHz","8 GiB","EBS only","Moderate","64-bit",,,,,,,,"Shared",,"Windows","License Included",,,,,,,,"EUC1-BoxUsage:m4.large","RunInstances:0202",,"450 Mbps","Yes",,,,,,,,,,,,,"SQL Web","Intel AVX; Intel AVX2; Intel Turbo",
"ZVFVENV69VQDKD7G","38NPMPTW36","ZVFVENV69VQDKD7G.38NPMPTW36.6YS6EN2CT7","Reserved","Windows with SQL Server Enterprise (Amazon VPC), i2.8xlarge instance-hours used this month","2016-11-30","0","Inf","Hrs","7.6350000000","USD","3yr","Partial Upfront","standard","Compute Instance","AmazonEC2","US East (Ohio)","AWS Region","i2.8xlarge","Yes","Storage optimized","32","Intel Xeon E5-2670 v2 (Ivy Bridge)","2.5 GHz","244 GiB","8 x 800 SSD","10 Gigabit","64-bit",,,,,,,,"Dedicated",,"Windows","License Included",,,,,,,,"USE2-DedicatedUsage:i2.8xlarge","RunInstances:0102",,,"Yes",,,,,,,,,,,,,"SQL Server Enterprise","Intel AVX; Intel Turbo",
"7DBYCHFPRYPCDWTT","HU7G6KETJZ","7DBYCHFPRYPCDWTT.HU7G6KETJZ.2TG2D8R56U","Reserved","Upfront Fee","2016-11-30",,,"Quantity","35","USD","1yr","Partial Upfront","standard","Compute Instance","AmazonEC2","US West (Oregon)","AWS Region","t2.micro",,"General purpose","1","Intel Xeon Family","Up to 3.3 GHz","1 GiB","EBS only","Low to Moderate","32-bit or 64-bit",,,,,,,,"Shared",,"RHEL","No License required",,,,,,,,"USW2-BoxUsage:t2.micro","RunInstances:0010",,,,,,,,,,,,,,,,"NA","Intel AVX; Intel Turbo",
"6WZEJPWGCZ3J7XWW","6QCMYABX3D","6WZEJPWGCZ3J7XWW.6QCMYABX3D.6YS6EN2CT7","Reserved","USD 0.0 per Windows with SQL Server Web (Amazon VPC), c3.2xlarge instance-hour (or partial hour)","2015-04-30","0","Inf","Hrs","0.0000000000","USD","1yr","All Upfront","standard","Compute Instance","AmazonEC2","US West (Oregon)","AWS Region","c3.2xlarge","Yes","Compute optimized","8","Intel Xeon E5-2680 v2 (Ivy Bridge)","2.8 GHz","15 GiB","2 x 80 SSD","High","64-bit",,,,,,,,"Shared",,"Windows","License Included",,,,,,,,"USW2-BoxUsage:c3.2xlarge","RunInstances:0202",,,"Yes",,,,,,,,,,,,,"SQL Web","Intel AVX; Intel Turbo",
"79PA2ATJ4AFXSTN7","NQ3QZPMQV9","79PA2ATJ4AFXSTN7.NQ3QZPMQV9.6YS6EN2CT7","Reserved","USD 0.0 per Windows (Amazon VPC), c3.xlarge instance-hour (or partial hour)","2016-10-31","0","Inf","Hrs","0.0000000000","USD","3yr","All Upfront","standard","Compute Instance","AmazonEC2","EU (Frankfurt)","AWS Region","c3.xlarge","Yes","Compute optimized","4","Intel Xeon E5-2680 v2 (Ivy Bridge)","2.8 GHz","7.5 GiB","2 x 40 SSD","Moderate","64-bit",,,,,,,,"Shared",,"Windows","License Included",,,,,,,,"EUC1-BoxUsage:c3.xlarge","RunInstances:0002",,,"Yes",,,,,,,,,,,,,"NA","Intel AVX; Intel Turbo",
"4YEFRYG3768S2EJ9","HU7G6KETJZ","4YEFRYG3768S2EJ9.HU7G6KETJZ.2TG2D8R56U","Reserved","Upfront Fee","2016-11-30",,,"Quantity","5863","USD","1yr","Partial Upfront","standard","Compute Instance","AmazonEC2","US West (N. California)","AWS Region","c4.4xlarge","Yes","Compute optimized","16","Intel Xeon E5-2666 v3 (Haswell)","2.9 GHz","30 GiB","EBS only","High","64-bit",,,,,,,,"Shared",,"Windows","License Included",,,,,,,,"USW1-BoxUsage:c4.4xlarge","RunInstances:0002",,"2000 Mbps","Yes",,,,,,,,,,,,,"NA","Intel AVX; Intel AVX2; Intel Turbo",
"H24Y96PMCY33E44P","4NA7Y494T4","H24Y96PMCY33E44P.4NA7Y494T4.6YS6EN2CT7","Reserved","Windows with SQL Server Standard (Amazon VPC), r3.large instance-hours used this month","2016-09-30","0","Inf","Hrs","1.0960000000","USD","1yr","No Upfront","standard","Compute Instance","AmazonEC2","South America (Sao Paulo)","AWS Region","r3.large","Yes","Memory optimized","2","Intel Xeon E5-2670 v2 (Ivy Bridge)","2.5 GHz","15.25 GiB","1 x 32 SSD","Moderate","64-bit",,,,,,,,"Shared",,"Windows","License Included",,,,,,,,"SAE1-BoxUsage:r3.large","RunInstances:0006",,,"Yes",,,,,,,,,,,,,"SQL Std","Intel AVX; Intel Turbo",
"PHRMKQVF47V4GK29","6QCMYABX3D","PHRMKQVF47V4GK29.6QCMYABX3D.6YS6EN2CT7","Reserved","USD 0.0 per Red Hat Enterprise Linux (Amazon VPC), m2.4xlarge instance-hour (or partial hour)","2015-04-30","0","Inf","Hrs","0.0000000000","USD","1yr","All Upfront","standard","Compute Instance","AmazonEC2","US West (Oregon)","AWS Region","m2.4xlarge","No","Memory optimized","8","Intel Xeon Family",,"68.4 GiB","2 x 840","High","64-bit",,,,,,,,"Dedicated",,"RHEL","No License required",,,,,,,,"USW2-DedicatedUsage:m2.4xlarge","RunInstances:0010",,,,,,,,,,,,,,,,"NA",,
"DS6JF66QWRWU5DP4","R5XV2EPZQZ","DS6JF66QWRWU5DP4.R5XV2EPZQZ.6YS6EN2CT7","Reserved","Windows with SQL Server Standard (Amazon VPC), m4.10xlarge instance-hours used this month","2016-10-31","0","Inf","Hrs","4.3620000000","USD","3yr","Partial Upfront","convertible","Compute Instance","AmazonEC2","Asia Pacific (Singapore)","AWS Region","m4.10xlarge","Yes","General purpose","40","Intel Xeon E5-2676 v3 (Haswell)","2.4 GHz","160 GiB","EBS only","10 Gigabit","64-bit",,,,,,,,"Shared",,"Windows","License Included",,,,,,,,"APS1-BoxUsage:m4.10xlarge","RunInstances:0006",,"4000 Mbps","Yes",,,,,,,,,,,,,"SQL Std","Intel AVX; Intel AVX2; Intel Turbo",
"W5UWZ3SYCJNQWMAF","6QCMYABX3D","W5UWZ3SYCJNQWMAF.6QCMYABX3D.2TG2D8R56U","Reserved","Upfront Fee","2015-04-30",,,"Quantity","1618","USD","1yr","All Upfront","standard","Compute Instance","AmazonEC2","EU (Ireland)","AWS Region","c3.xlarge","Yes","Compute optimized","4","Intel Xeon E5-2680 v2 (Ivy Bridge)","2.8 GHz","7.5 GiB","2 x 40 SSD","Moderate","64-bit",,,,,,,,"Shared",,"SUSE","No License required",,,,,,,,"EU-BoxUsage:c3.xlarge","RunInstances:000g",,,"Yes",,,,,,,,,,,,,"NA","Intel AVX; Intel Turbo",
"D98TEBEBF293R9TP","MZU6U2429S","D98TEBEBF293R9TP.MZU6U2429S.6YS6EN2CT7","Reserved","USD 0.0 per Red Hat Enterprise Linux (Amazon VPC), c4.xlarge instance-hour (or partial hour)","2016-11-30","0","Inf","Hrs","0.0000000000","USD","3yr","All Upfront","convertible","Compute Instance","AmazonEC2","Asia Pacific (Sydney)","AWS Region","c4.xlarge","Yes","Compute optimized","4","Intel Xeon E5-2666 v3 (Haswell)","2.9 GHz","7.5 GiB","EBS only","High","64-bit",,,,,,,,"Dedicated",,"RHEL","No License required",,,,,,,,"APS2-DedicatedUsage:c4.xlarge","RunInstances:0010",,"750 Mbps","Yes",,,,,,,,,,,,,"NA","Intel AVX; Intel AVX2; Intel Turbo",
"3JHUMCQQBEY3YFQK","6QCMYABX3D","3JHUMCQQBEY3YFQK.6QCMYABX3D.2TG2D8R56U","Reserved","Upfront Fee","2016-11-30",,,"Quantity","16118","USD","1yr","All Upfront","standard","Compute Instance","AmazonEC2","South America (Sao Paulo)","AWS Region","c4.4xlarge","Yes","Compute optimized","16","Intel Xeon E5-2666 v3 (Haswell)","2.9 GHz","30 GiB","EBS only","High","64-bit",,,,,,,,"Shared",,"Windows","License Included",,,,,,,,"SAE1-BoxUsage:c4.4xlarge","RunInstances:0202",,"2000 Mbps","Yes",,,,,,,,,,,,,"SQL Web","Intel AVX; Intel AVX2; Intel Turbo",
"HEPJUXTZV4J7YVUV","MZU6U2429S","HEPJUXTZV4J7YVUV.MZU6U2429S.2TG2D8R56U","Reserved","Upfront Fee","2016-11-30",,,"Quantity","133585","USD","3yr","All Upfront","convertible","Compute Instance","AmazonEC2","EU (Frankfurt)","AWS Region","m4.16xlarge","Yes","General purpose","64","Intel Xeon E5-2686 v4 (Broadwell)","2.3 GHz","256 GiB","EBS only","20 Gigabit","64-bit",,,,,,,,"Shared",,"Windows","License Included",,,,,,,,"EUC1-BoxUsage:m4.16xlarge","RunInstances:0202",,"10000 Mbps","Yes",,,,,,,,,,,,,"SQL Web","Intel AVX, Intel AVX2, Intel Turbo",
"BRXESACTF8XTFQ77","4NA7Y494T4","BRXESACTF8XTFQ77.4NA7Y494T4.6YS6EN2CT7","Reserved","Windows (Amazon VPC), d2.2xlarge instance-hours used this month","2016-06-30","0","Inf","Hrs","1.4400000000","USD","1yr","No Upfront","standard","Compute Instance","AmazonEC2","Asia Pacific (Mumbai)","AWS Region","d2.2xlarge","Yes","Storage optimized","8","Intel Xeon E5-2676v3 (Haswell)","2.4 GHz","61 GiB","6 x 2000 HDD","High","64-bit",,,,,,,,"Dedicated",,"Windows","License Included",,,,,,,,"APS3-DedicatedUsage:d2.2xlarge","RunInstances:0002",,,"Yes",,,,,,,,,,,,,"NA","Intel AVX; Intel AVX2; Intel Turbo",
"UUUF6MUK6WT7VG49","6QCMYABX3D","UUUF6MUK6WT7VG49.6QCMYABX3D.6YS6EN2CT7","Reserved","USD 0.0 per SUSE Linux (Amazon VPC), m2.4xlarge instance-hour (or partial hour)","2015-04-30","0","Inf","Hrs","0.0000000000","USD","1yr","All Upfront","standard","Compute Instance","AmazonEC2","South America (Sao Paulo)","AWS Region","m2.4xlarge","No","Memory optimized","8","Intel Xeon Family",,"68.4 GiB","2 x 840","High","64-bit",,,,,,,,"Dedicated",,"SUSE","No License required",,,,,,,,"SAE1-DedicatedUsage:m2.4xlarge","RunInstances:000g",,,,,,,,,,,,,,,,"NA",,
"JC2F5D6N7YNDVHBC","JRTCKXETXF","JC2F5D6N7YNDVHBC.JRTCKXETXF.6YS6EN2CT7","OnDemand","$0.016 per On Demand Windows BYOL t2.micro Instance Hour","2017-02-01","0","Inf","Hrs","0.0160000000","USD",,,,"Compute Instance","AmazonEC2","Asia Pacific (Sydney)","AWS Region","t2.micro",,"General purpose","1","Intel Xeon Family","Up to 3.3 GHz","1 GiB","EBS only","Low to Moderate","32-bit or 64-bit",,,,,,,,"Shared",,"Windows","Bring your own license",,,,,,,,"APS2-BoxUsage:t2.micro","RunInstances:0800",,,,,,,,,,,,,,,,"NA","Intel AVX; Intel Turbo",
"AW3JEVRBNMY89WKP","JRTCKXETXF","AW3JEVRBNMY89WKP.JRTCKXETXF.6YS6EN2CT7","OnDemand","$0.261 per Dedicated Usage Linux m4.xlarge Instance Hour","2017-02-01","0","Inf","Hrs","0.2610000000","USD",,,,"Compute Instance","AmazonEC2","Canada (Central)","AWS Region","m4.xlarge","Yes","General purpose","4","Intel Xeon E5-2676 v3 (Haswell)","2.4  GHz","16 GiB","EBS only","High","64-bit",,,,,,,,"Dedicated",,"Linux","No License required",,,,,,,,"CAN1-DedicatedUsage:m4.xlarge","RunInstances",,"750 Mbps","Yes",,,,,,,,,,,,,"NA","Intel AVX; Intel AVX2; Intel Turbo",
"7WY9SBFYDY5AM4VW","JRTCKXETXF","7WY9SBFYDY5AM4VW.JRTCKXETXF.6YS6EN2CT7","OnDemand","$2.383 per Dedicated SQL Web c3.4xlarge Instance Hour","2017-02-01","0","Inf","Hrs","2.3830000000","USD",,,,"Compute Instance","AmazonEC2","Asia Pacific (Tokyo)","AWS Region","c3.4xlarge","Yes","Compute optimized","16","Intel Xeon E5-2680 v2 (Ivy Bridge)","2.8 GHz","30 GiB","2 x 160 SSD","High","64-bit",,,,,,,,"Dedicated",,"Windows","License Included",,,,,,,,"APN1-DedicatedUsage:c3.4xlarge","RunInstances:0202",,,"Yes",,,,,,,,,,,,,"SQL Web","Intel AVX; Intel Turbo",
"TWYWJTKKQMNEQZXA","HU7G6KETJZ","TWYWJTKKQMNEQZXA.HU7G6KETJZ.6YS6EN2CT7","Reserved","Windows with SQL Server Enterprise (Amazon VPC), d2.2xlarge instance-hours used this month","2016-10-31","0","Inf","Hrs","2.1460000000","USD","1yr","Partial Upfront","standard","Compute Instance","AmazonEC2","US West (N. California)","AWS Region","d2.2xlarge","Yes","Storage optimized","8","Intel Xeon E5-2676v3 (Haswell)","2.4 GHz","61 GiB","6 x 2000 HDD","High","64-bit",,,,,,,,"Dedicated",,"Windows","License Included",,,,,,,,"USW1-DedicatedUsage:d2.2xlarge","RunInstances:0102",,,"Yes",,,,,,,,,,,,,"SQL Server Enterprise","Intel AVX; Intel AVX2; Intel Turbo",
"KDMZCH5JCDEAG3RV","NQ3QZPMQV9","KDMZCH5JCDEAG3RV.NQ3QZPMQV9.6YS6EN2CT7","Reserved","USD 0.0 per SUSE Linux (Amazon VPC), c4.4xlarge instance-hour (or partial hour)","2016-11-30","0","Inf","Hrs","0.0000000000","USD","3yr","All Upfront","standard","Compute Instance","AmazonEC2","US West (Oregon)","AWS Region","c4.4xlarge","Yes","Compute optimized","16","Intel Xeon E5-2666 v3 (Haswell)","2.9 GHz","30 GiB","EBS only","High","64-bit",,,,,,,,"Dedicated",,"SUSE","No License required",,,,,,,,"USW2-DedicatedUsage:c4.4xlarge","RunInstances:000g",,"2000 Mbps","Yes",,,,,,,,,,,,,"NA","Intel AVX; Intel AVX2; Intel Turbo",
"FGYCTSSBA8FU2QXY","Z2E3P23VKM","FGYCTSSBA8FU2QXY.Z2E3P23VKM.6YS6EN2CT7","Reserved","Red Hat Enterprise Linux (Amazon VPC), r4.16xlarge instance-hours used this month","2016-10-31","0","Inf","Hrs","3.3570000000","USD","3yr","No Upfront","convertible","Compute Instance","AmazonEC2","Asia Pacific (Sydney)","AWS Region","r4.16xlarge","Yes","Memory optimized","64","Intel Xeon E5-2686 v4 (Broadwell)","2.3 GHz","488 GiB","EBS only","20 Gigabit","64-bit",,,,,,,,"Dedicated",,"RHEL","No License required",,,,,,,,"APS2-DedicatedUsage:r4.16xlarge","RunInstances:0010",,"12000 Mbps","Yes",,,,,,,,,,,,,"NA","Intel AVX, Intel AVX2, Intel Turbo",
"N346AQJF2TFRZXFR","Z2E3P23VKM","N346AQJF2TFRZXFR.Z2E3P23VKM.6YS6EN2CT7","Reserved","Windows with SQL Server Web (Amazon VPC), r3.xlarge instance-hours used this month","2016-09-30","0","Inf","Hrs","0.5620000000","USD","3yr","No Upfront","convertible","Compute Instance","AmazonEC2","Asia Pacific (Tokyo)","AWS Region","r3.xlarge","Yes","Memory optimized","4","Intel Xeon E5-2670 v2 (Ivy Bridge)","2.5 GHz","30.5 GiB","1 x 80 SSD","Moderate","64-bit",,,,,,,,"Dedicated",,"Windows","License Included",,,,,,,,"APN1-DedicatedUsage:r3.xlarge","RunInstances:0202",,,"Yes",,,,,,,,,,,,,"SQL Web","Intel AVX; Intel Turbo",
"57M4AZ4NRYTPT6NM","R5XV2EPZQZ","57M4AZ4NRYTPT6NM.R5XV2EPZQZ.2TG2D8R56U","Reserved","Upfront Fee","2016-10-31",,,"Quantity","134225","USD","3yr","Partial Upfront","convertible","Compute Instance","AmazonEC2","Asia Pacific (Singapore)","AWS Region","x1.32xlarge",,"Memory optimized","128","High Frequency Intel Xeon E7-8880 v3 (Haswell)","2.3 GHz","1,952 Gib","2 x 1,920","High","64-bit",,,,,,,,"Shared",,"Linux","No License required",,,,,,,,"APS1-BoxUsage:x1.32xlarge","RunInstances",,,"Yes",,,,,,,,,"Yes","Yes","Yes",,"NA",,
"U6Y59XJXKQJAQ3Z9","6QCMYABX3D","U6Y59XJXKQJAQ3Z9.6QCMYABX3D.6YS6EN2CT7","Reserved","USD 0.0 per Windows with SQL Server Web (Amazon VPC), t2.xlarge instance-hour (or partial hour)","2016-10-31","0","Inf","Hrs","0.0000000000","USD","1yr","All Upfront","standard","Compute Instance","AmazonEC2","AWS GovCloud (US)","AWS Region","t2.xlarge",,"General purpose","4","Intel Xeon Family","Up to 3.0 GHz","16 GiB","EBS only","Moderate","64-bit",,,,,,,,"Shared",,"Windows","License Included",,,,,,,,"UGW1-BoxUsage:t2.xlarge","RunInstances:0202",,,,,,,,,,,,,,,,"SQL Web","Intel AVX; Intel Turbo",
"E2CS4M8CTZQAQ963","R5XV2EPZQZ","E2CS4M8CTZQAQ963.R5XV2EPZQZ.2TG2D8R56U","Reserved","Upfront Fee","2016-11-30",,,"Quantity","896","USD","3yr","Partial Upfront","convertible","Compute Instance","AmazonEC2","Asia Pacific (Seoul)","AWS Region","t2.micro",,"General purpose","1","Intel Xeon Family","Up to 3.3 GHz","1 GiB","EBS only","Low to Moderate","32-bit or 64-bit",,,,,,,,"Shared",,"Windows","License Included",,,,,,,,"APN2-BoxUsage:t2.micro","RunInstances:0202",,,,,,,,,,,,,,,,"SQL Web","Intel AVX; Intel Turbo",
"7AMTXR9GMHCCAJWS","JRTCKXETXF","7AMTXR9GMHCCAJWS.JRTCKXETXF.6YS6EN2CT7","OnDemand","$0.32 per Dedicated Usage Windows r3.large Instance Hour","2017-02-01","0","Inf","Hrs","0.3200000000","USD",,,,"Compute Instance","AmazonEC2","US West (Oregon)","AWS Region","r3.large","Yes","Memory optimized","2","Intel Xeon E5-2670 v2 (Ivy Bridge)","2.5 GHz","15.25 GiB","1 x 32 SSD","Moderate","64-bit",,,,,,,,"Dedicated",,"Windows","License Included",,,,,,,,"USW2-DedicatedUsage:r3.large","RunInstances:0002",,,"Yes",,,,,,,,,,,,,"NA","Intel AVX; Intel Turbo",
"PT3DMT8K757NSK88","JRTCKXETXF","PT3DMT8K757NSK88.JRTCKXETXF.6YS6EN2CT7","OnDemand","$0.288 per Dedicated Usage SUSE m4.large Instance Hour","2017-02-01","0","Inf","Hrs","0.2880000000","USD",,,,"Compute Instance","AmazonEC2","South America (Sao Paulo)","AWS Region","m4.large","Yes","General purpose","2","Intel Xeon E5-2676 v3 (Haswell)","2.4 GHz","8 GiB","EBS only","Moderate","64-bit",,,,,,,,"Dedicated",,"SUSE","No License required",,,,,,,,"SAE1-DedicatedUsage:m4.large","RunInstances:000g",,"450 Mbps","Yes",,,,,,,,,,,,,"NA","Intel AVX; Intel AVX2; Intel Turbo",
"PMMHQSUBHY5GTRE8","6QCMYABX3D","PMMHQSUBHY5GTRE8.6QCMYABX3D.2TG2D8R56U","Reserved","Upfront Fee","2016-10-31",,,"Quantity","1799","USD","1yr","All Upfront","standard","Compute Instance","AmazonEC2","US East (Ohio)","AWS Region","r4.xlarge","Yes","Memory optimized","4","Intel Xeon E5-2686 v4 (Broadwell)","2.3 GHz","30.5 GiB","EBS only","Up to 10 Gigabit","64-bit",,,,,,,,"Dedicated",,"SUSE","No License required",,,,,,,,"USE2-DedicatedUsage:r4.xlarge","RunInstances:000g",,"800 Mbps","Yes",,,,,,,,,,,,,"NA","Intel AVX, Intel AVX2, Intel Turbo",
"W4453M8EM8NDNYC5","38NPMPTW36","W4453M8EM8NDNYC5.38NPMPTW36.2TG2D8R56U","Reserved","Upfront Fee","2016-10-31",,,"Quantity","9734","USD","3yr","Partial Upfront","standard","Compute Instance","AmazonEC2","Asia Pacific (Seoul)","AWS Region","r3.4xlarge","Yes","Memory optimized","16","Intel Xeon E5-2670 v2 (Ivy Bridge)","2.5 GHz","122 GiB","1 x 320 SSD","High","64-bit",,,,,,,,"Shared",,"SUSE","No License required",,,,,,,,"APN2-BoxUsage:r3.4xlarge","RunInstances:000g",,,"Yes",,,,,,,,,,,,,"NA","Intel AVX; Intel Turbo",
"8NZJVJPUUPFQD5XT","NQ3QZPMQV9","8NZJVJPUUPFQD5XT.NQ3QZPMQV9.2TG2D8R56U","Reserved","Upfront Fee","2016-09-30",,,"Quantity","259184","USD","3yr","All Upfront","standard","Compute Instance","AmazonEC2","EU (Ireland)","AWS Region","p2.16xlarge",,"GPU instance","64","Intel Xeon E5-2686 v4 (Broadwell)",,"768 GiB","EBS only","20 Gigabit","64-bit",,,,,,,,"Shared",,"Windows","License Included",,,,,,,,"EU-BoxUsage:p2.16xlarge","RunInstances:0002",,,,"16",,,,,,,,,,,,"NA",,
"W2GSCVSMW3FPBPN9","R5XV2EPZQZ","W2GSCVSMW3FPBPN9.R5XV2EPZQZ.6YS6EN2CT7","Reserved","SUSE Linux (Amazon VPC), m4.16xlarge instance-hours used this month","2016-10-31","0","Inf","Hrs","1.1760000000","USD","3yr","Partial Upfront","convertible","Compute Instance","AmazonEC2","EU (London)","AWS Region","m4.16xlarge","Yes","General purpose","64","Intel Xeon E5-2686 v4 (Broadwell)","2.3 GHz","256 GiB","EBS only","20 Gigabit","64-bit",,,,,,,,"Shared",,"SUSE","No License required",,,,,,,,"EUW2-BoxUsage:m4.16xlarge","RunInstances:000g",,"10000 Mbps","Yes",,,,,,,,,,,,,"NA","Intel AVX, Intel AVX2, Intel Turbo",
"J4HDRDMUA6DAK63W","JRTCKXETXF","J4HDRDMUA6DAK63W.JRTCKXETXF.6YS6EN2CT7","OnDemand","$0.000 per Linux m4.10xlarge Dedicated Host Instance hour","2017-02-01","0","Inf","Hrs","0.0000000000","USD",,,,"Compute Instance","AmazonEC2","Asia Pacific (Singapore)","AWS Region","m4.10xlarge","Yes","General purpose","40","Intel Xeon E5-2676 v3 (Haswell)","2.4 GHz","160 GiB","EBS only","10 Gigabit","64-bit",,,,,,,,"Host",,"Linux","No License required",,,,,,,,"APS1-HostBoxUsage:m4.10xlarge","RunInstances",,"4000 Mbps","Yes",,,,,,,,,,,,,"NA","Intel AVX; Intel AVX2; Intel Turbo",
"KEP9UCRSK6PZAHJR","HU7G6KETJZ","KEP9UCRSK6PZAHJR.HU7G6KETJZ.2TG2D8R56U","Reserved","Upfront Fee","2016-11-30",,,"Quantity","552","USD","1yr","Partial Upfront","standard","Compute Instance","AmazonEC2","EU (Ireland)","AWS Region","t2.medium",,"General purpose","2","Intel Xeon Family","Up to 3.3 GHz","4 GiB","EBS only","Low to Moderate","32-bit or 64-bit",,,,,,,,"Shared",,"Windows","License Included",,,,,,,,"EU-BoxUsage:t2.medium","RunInstances:0202",,,,,,,,,,,,,,,,"SQL Web","Intel AVX; Intel Turbo",
"KRWP25Y5BGWWD2C7","6QCMYABX3D","KRWP25Y5BGWWD2C7.6QCMYABX3D.6YS6EN2CT7","Reserved","USD 0.0 per SUSE Linux (Amazon VPC), r3.4xlarge instance-hour (or partial hour)","2015-12-31","0","Inf","Hrs","0.0000000000","USD","1yr","All Upfront","standard","Compute Instance","AmazonEC2","EU (Ireland)","AWS Region","r3.4xlarge","Yes","Memory optimized","16","Intel Xeon E5-2670 v2 (Ivy Bridge)","2.5 GHz","122 GiB","1 x 320 SSD","High","64-bit",,,,,,,,"Shared",,"SUSE","No License required",,,,,,,,"EU-BoxUsage:r3.4xlarge","RunInstances:000g",,,"Yes",,,,,,,,,,,,,"NA","Intel AVX; Intel Turbo",
"7RWJYQACGZC69EP7","HU7G6KETJZ","7RWJYQACGZC69EP7.HU7G6KETJZ.6YS6EN2CT7","Reserved","Windows with SQL Server Enterprise (Amazon VPC), m3.2xlarge instance-hours used this month","2016-11-30","0","Inf","Hrs","1.9120000000","USD","1yr","Partial Upfront","standard","Compute Instance","AmazonEC2","South America (Sao Paulo)","AWS Region","m3.2xlarge","Yes","General purpose","8","Intel Xeon E5-2670 v2 (Ivy Bridge/Sandy Bridge)","2.5 GHz","30 GiB","2 x 80 SSD","High","64-bit",,,,,,,,"Dedicated",,"Windows","License Included",,,,,,,,"SAE1-DedicatedUsage:m3.2xlarge","RunInstances:0102",,,,,,,,,,,,,,,,"SQL Server Enterprise","Intel AVX; Intel Turbo",
"TN92R8JHFW9AZ8VT","MZU6U2429S","TN92R8JHFW9AZ8VT.MZU6U2429S.2TG2D8R56U","Reserved","Upfront Fee","2016-11-30",,,"Quantity","16625","USD","3yr","All Upfront","convertible","Compute Instance","AmazonEC2","Asia Pacific (Seoul)","AWS Region","m4.2xlarge","Yes","General purpose","8","Intel Xeon E5-2676 v3 (Haswell)","2.4 GHz","32 GiB","EBS only","High","64-bit",,,,,,,,"Shared",,"Windows","License Included",,,,,,,,"APN2-BoxUsage:m4.2xlarge","RunInstances:0002",,"1000 Mbps","Yes",,,,,,,,,,,,,"NA","Intel AVX; Intel AVX2; Intel Turbo",
"K4C6CFWP9PQ8UHCZ","R5XV2EPZQZ","K4C6CFWP9PQ8UHCZ.R5XV2EPZQZ.2TG2D8R56U","Reserved","Upfront Fee","2016-11-30",,,"Quantity","849","USD","3yr","Partial Upfront","convertible","Compute Instance","AmazonEC2","US West (N. California)","AWS Region","t2.medium",,"General purpose","2","Intel Xeon Family","Up to 3.3 GHz","4 GiB","EBS only","Low to Moderate","32-bit or 64-bit",,,,,,,,"Shared",,"SUSE","No License required",,,,,,,,"USW1-BoxUsage:t2.medium","RunInstances:000g",,,,,,,,,,,,,,,,"NA","Intel AVX; Intel Turbo",
"W6HRWGQ5WMCNYKX9","R5XV2EPZQZ","W6HRWGQ5WMCNYKX9.R5XV2EPZQZ.2TG2D8R56U","Reserved","Upfront Fee","2016-10-31",,,"Quantity","26342","USD","3yr","Partial Upfront","convertible","Compute Instance","AmazonEC2","Canada (Central)","AWS Region","m4.16xlarge","Yes","General purpose","64","Intel Xeon E5-2686 v4 (Broadwell)","2.3 GHz","256 GiB","EBS only","20 Gigabit","64-bit",,,,,,,,"Shared",,"RHEL","No License required",,,,,,,,"CAN1-BoxUsage:m4.16xlarge","RunInstances:0010",,"10000 Mbps","Yes",,,,,,,,,,,,,"NA","Intel AVX, Intel AVX2, Intel Turbo",
"RMX5UD8DERPPJJCY","HU7G6KETJZ","RMX5UD8DERPPJJCY.HU7G6KETJZ.6YS6EN2CT7","Reserved","Windows with SQL Server Standard (Amazon VPC), r3.xlarge instance-hours used this month","2015-12-31","0","Inf","Hrs","0.4050000000","USD","1yr","Partial Upfront","standard","Compute Instance","AmazonEC2","Asia Pacific (Tokyo)","AWS Region","r3.xlarge","Yes","Memory optimized","4","Intel Xeon E5-2670 v2 (Ivy Bridge)","2.5 GHz","30.5 GiB","1 x 80 SSD","Moderate","64-bit",,,,,,,,"Dedicated",,"Windows","License Included",,,,,,,,"APN1-DedicatedUsage:r3.xlarge","RunInstances:0006",,,"Yes",,,,,,,,,,,,,"SQL Std","Intel AVX; Intel Turbo",
"CUUEMMYNWMPH7YSQ","Z2E3P23VKM","CUUEMMYNWMPH7YSQ.Z2E3P23VKM.6YS6EN2CT7","Reserved","Windows (Amazon VPC), c4.8xlarge instance-hours used this month","2016-11-30","0","Inf","Hrs","2.8710000000","USD","3yr","No Upfront","convertible","Compute Instance","AmazonEC2","AWS GovCloud (US)","AWS Region","c4.8xlarge","Yes","Compute optimized","36","Intel Xeon E5-2666 v3 (Haswell)","2.9 GHz","60 GiB","EBS only","10 Gigabit","64-bit",,,,,,,,"Dedicated",,"Windows","License Included",,,,,,,,"UGW1-DedicatedUsage:c4.8xlarge","RunInstances:0002",,"4000 Mbps","Yes",,,,,,,,,,,,,"NA","Intel AVX; Intel AVX2; Intel Turbo",
"KZ48HZHDXM4C27HT","NQ3QZPMQV9","KZ48HZHDXM4C27HT.NQ3QZPMQV9.2TG2D8R56U","Reserved","Upfront Fee","2016-09-30",,,"Quantity","3565","USD","3yr","All Upfront","standard","Compute Instance","AmazonEC2","EU (Ireland)","AWS Region","c3.large","Yes","Compute optimized","2","Intel Xeon E5-2680 v2 (Ivy Bridge)","2.8 GHz","3.75 GiB","2 x 16 SSD","Moderate","32-bit or 64-bit",,,,,,,,"Dedicated",,"Windows","License Included",,,,,,,,"EU-DedicatedUsage:c3.large","RunInstances:0002",,,"Yes",,,,,,,,,,,,,"NA","Intel AVX; Intel Turbo",
"99FTG8W23C3VKTJV","Z2E3P23VKM","99FTG8W23C3VKTJV.Z2E3P23VKM.6YS6EN2CT7","Reserved","SUSE Linux (Amazon VPC), t2.large instance-hours used this month","2016-10-31","0","Inf","Hrs","0.1070000000","USD","3yr","No Upfront","convertible","Compute Instance","AmazonEC2","Canada (Central)","AWS Region","t2.large",,"General purpose","2","Intel Xeon Family","Up to 3.0 GHz","8 GiB","EBS only","Low to Moderate","64-bit",,,,,,,,"Shared",,"SUSE","No License required",,,,,,,,"CAN1-BoxUsage:t2.large","RunInstances:000g",,,,,,,,,,,,,,,,"NA","Intel AVX; Intel Turbo",
"GQPTTZD6YTQ44MJU","R5XV2EPZQZ","GQPTTZD6YTQ44MJU.R5XV2EPZQZ.2TG2D8R56U","Reserved","Upfront Fee","2016-11-30",,,"Quantity","49951","USD","3yr","Partial Upfront","convertible","Compute Instance","AmazonEC2","Asia Pacific (Sydney)","AWS Region","m4.4xlarge","Yes","General purpose","16","Intel Xeon E5-2676 v3 (Haswell)","2.4 GHz","64 GiB","EBS only","High","64-bit",,,,,,,,"Dedicated",,"Windows","License Included",,,,,,,,"APS2-DedicatedUsage:m4.4xlarge","RunInstances:0006",,"2000 Mbps","Yes",,,,,,,,,,,,,"SQL Std","Intel AVX; Intel AVX2; Intel Turbo",
"U5D5NMDEESR8PJP4","MZU6U2429S","U5D5NMDEESR8PJP4.MZU6U2429S.6YS6EN2CT7","Reserved","USD 0.0 per SUSE Linux (Amazon VPC), d2.xlarge instance-hour (or partial hour)","2016-08-31","0","Inf","Hrs","0.0000000000","USD","3yr","All Upfront","convertible","Compute Instance","AmazonEC2","EU (Ireland)","AWS Region","d2.xlarge","Yes","Storage optimized","4","Intel Xeon E5-2676v3 (Haswell)","2.4 GHz","30.5 GiB","3 x 2000 HDD","Moderate","64-bit",,,,,,,,"Dedicated",,"SUSE","No License required",,,,,,,,"EU-DedicatedUsage:d2.xlarge","RunInstances:000g",,,"Yes",,,,,,,,,,,,,"NA","Intel AVX; Intel AVX2; Intel Turbo",
"XQHCFE8NGWFRBJS4","Z2E3P23VKM","XQHCFE8NGWFRBJS4.Z2E3P23VKM.6YS6EN2CT7","Reserved","Windows (Amazon VPC), c4.4xlarge instance-hours used this month","2016-11-30","0","Inf","Hrs","1.2450000000","USD","3yr","No Upfront","convertible","Compute Instance","AmazonEC2","US West (Oregon)","AWS Region","c4.4xlarge","Yes","Compute optimized","16","Intel Xeon E5-2666 v3 (Haswell)","2.9 GHz","30 GiB","EBS only","High","64-bit",,,,,,,,"Shared",,"Windows","License Included",,,,,,,,"USW2-BoxUsage:c4.4xlarge","RunInstances:0002",,"2000 Mbps","Yes",,,,,,,,,,,,,"NA","Intel AVX; Intel AVX2; Intel Turbo",
"UNYRKP3NTVCH7AZ3","38NPMPTW36","UNYRKP3NTVCH7AZ3.38NPMPTW36.2TG2D8R56U","Reserved","Upfront Fee","2016-11-30",,,"Quantity","8108","USD","3yr","Partial Upfront","standard","Compute Instance","AmazonEC2","AWS GovCloud (US)","AWS Region","i2.2xlarge","Yes","Storage optimized","8","Intel Xeon E5-2670 v2 (Ivy Bridge)","2.5 GHz","61 GiB","2 x 800 SSD","High","64-bit",,,,,,,,"Dedicated",,"Windows","License Included",,,,,,,,"UGW1-DedicatedUsage:i2.2xlarge","RunInstances:0202",,,"Yes",,,,,,,,,,,,,"SQL Web","Intel AVX; Intel Turbo",
"D7PCYNUH9TF8WHAR","38NPMPTW36","D7PCYNUH9TF8WHAR.38NPMPTW36.2TG2D8R56U","Reserved","Upfront Fee","2016-10-31",,,"Quantity","57382","USD","3yr","Partial Upfront","standard","Compute Instance","AmazonEC2","Canada (Central)","AWS Region","x1.32xlarge",,"Memory optimized","128","High Frequency Intel Xeon E7-8880 v3 (Haswell)","2.3 GHz","1,952 Gib","2 x 1,920","High","64-bit",,,,,,,,"Dedicated",,"Linux","No License required",,,,,,,,"CAN1-DedicatedUsage:x1.32xlarge","RunInstances",,,"Yes",,,,,,,,,"Yes","Yes","Yes",,"NA",,
"UXYZAK2KKURBJZDH","38NPMPTW36","UXYZAK2KKURBJZDH.38NPMPTW36.2TG2D8R56U","Reserved","Upfront Fee","2015-12-31",,,"Quantity","15702","USD","3yr","Partial Upfront","standard","Compute Instance","AmazonEC2","US West (Oregon)","AWS Region","r3.8xlarge","Yes","Memory optimized","32","Intel Xeon E5-2670 v2 (Ivy Bridge)","2.5 GHz","244 GiB","2 x 320 SSD","10 Gigabit","64-bit",,,,,,,,"Shared",,"RHEL","No License required",,,,,,,,"USW2-BoxUsage:r3.8xlarge","RunInstances:0010",,,"Yes",,,,,,,,,,,,,"NA","Intel AVX; Intel Turbo",
"WNYWP7QUJ3MU8NVV","R5XV2EPZQZ","WNYWP7QUJ3MU8NVV.R5XV2EPZQZ.6YS6EN2CT7","Reserved","Linux/UNIX (Amazon VPC), r3.2xlarge instance-hours used this month","2016-09-30","0","Inf","Hrs","0.1640000000","USD","3yr","Partial Upfront","convertible","Compute Instance","AmazonEC2","Asia Pacific (Sydney)","AWS Region","r3.2xlarge","Yes","Memory optimized","8","Intel Xeon E5-2670 v2 (Ivy Bridge)","2.5 GHz","61 GiB","1 x 160 SSD","High","64-bit",,,,,,,,"Shared",,"Linux","No License required",,,,,,,,"APS2-BoxUsage:r3.2xlarge","RunInstances",,,"Yes",,,,,,,,,,,,,"NA","Intel AVX; Intel Turbo",
"5V3T67JXMGR4TH34","6QCMYABX3D","5V3T67JXMGR4TH34.6QCMYABX3D.6YS6EN2CT7","Reserved","USD 0.0 per Linux/UNIX (Amazon VPC), m4.large instance-hour (or partial hour)","2016-11-30","0","Inf","Hrs","0.0000000000","USD","1yr","All Upfront","standard","Compute Instance","AmazonEC2","South America (Sao Paulo)","AWS Region","m4.large","Yes","General purpose","2","Intel Xeon E5-2676 v3 (Haswell)","2.4 GHz","8 GiB","EBS only","Moderate","64-bit",,,,,,,,"Shared",,"Linux","No License required",,,,,,,,"SAE1-BoxUsage:m4.large","RunInstances",,"450 Mbps","Yes",,,,,,,,,,,,,"NA","Intel AVX; Intel AVX2; Intel Turbo",
"VU2VXEQZH5SJ2MRR","MZU6U2429S","VU2VXEQZH5SJ2MRR.MZU6U2429S.2TG2D8R56U","Reserved","Upfront Fee","2016-11-30",,,"Quantity","765155","USD","3yr","All Upfront","convertible","Compute Instance","AmazonEC2","EU (Ireland)","AWS Region","m4.16xlarge","Yes","General purpose","64","Intel Xeon E5-2686 v4 (Broadwell)","2.3 GHz","256 GiB","EBS only","20 Gigabit","64-bit",,,,,,,,"Dedicated",,"Windows","License Included",,,,,,,,"EU-DedicatedUsage:m4.16xlarge","RunInstances:0102",,"10000 Mbps","Yes",,,,,,,,,,,,,"SQL Server Enterprise","Intel AVX, Intel AVX2, Intel Turbo",
"8ZYM3TU7GUKQRPA3","38NPMPTW36","8ZYM3TU7GUKQRPA3.38NPMPTW36.2TG2D8R56U","Reserved","Upfront Fee","2015-04-30",,,"Quantity","11420","USD","3yr","Partial Upfront","standard","Compute Instance","AmazonEC2","US West (Oregon)","AWS Region","d2.4xlarge","Yes","Storage optimized","16","Intel Xeon E5-2676v3 (Haswell)","2.4 GHz","122 GiB","12 x 2000 HDD","High","64-bit",,,,,,,,"Shared",,"SUSE","No License required",,,,,,,,"USW2-BoxUsage:d2.4xlarge","RunInstances:000g",,,"Yes",,,,,,,,,,,,,"NA","Intel AVX; Intel AVX2; Intel Turbo",
"MTKR2VFGZJYVZTU2","6QCMYABX3D","MTKR2VFGZJYVZTU2.6QCMYABX3D.6YS6EN2CT7","Reserved","USD 0.0 per SUSE Linux (Amazon VPC), x1.16xlarge instance-hour (or partial hour)","2016-10-31","0","Inf","Hrs","0.0000000000","USD","1yr","All Upfront","standard","Compute Instance","AmazonEC2","Asia Pacific (Tokyo)","AWS Region","x1.16xlarge",,"Memory optimized","64","High Frequency Intel Xeon E7-8880 v3 (Haswell)","2.3 GHz","976 Gib","1 x 1,920","High","64-bit",,,,,,,,"Shared",,"SUSE","No License required",,,,,,,,"APN1-BoxUsage:x1.16xlarge","RunInstances:000g",,,"Yes",,,,,,,,,"Yes","Yes","Yes",,"NA",,
"ZCJJP755WNWQGWFP","4NA7Y494T4","ZCJJP755WNWQGWFP.4NA7Y494T4.6YS6EN2CT7","Reserved","Windows (Amazon VPC), t2.medium instance-hours used this month","2016-11-30","0","Inf","Hrs","0.0600000000","USD","1yr","No Upfront","standard","Compute Instance","AmazonEC2","EU (Ireland)","AWS Region","t2.medium",,"General purpose","2","Intel Xeon Family","Up to 3.3 GHz","4 GiB","EBS only","Low to Moderate","32-bit or 64-bit",,,,,,,,"Shared",,"Windows","License Included",,,,,,,,"EU-BoxUsage:t2.medium","RunInstances:0002",,,,,,,,,,,,,,,,"NA","Intel AVX; Intel Turbo",
"HS7W7SE5DWXZZ5FR","NQ3QZPMQV9","HS7W7SE5DWXZZ5FR.NQ3QZPMQV9.6YS6EN2CT7","Reserved","USD 0.0 per Windows (Amazon VPC), cc2.8xlarge instance-hour (or partial hour)","2015-04-30","0","Inf","Hrs","0.0000000000","USD","3yr","All Upfront","standard","Compute Instance","AmazonEC2","EU (Ireland)","AWS Region","cc2.8xlarge","No","Compute optimized","32","Intel Xeon E5-2670","2.6 GHz","60.5 GiB","4 x 840","10 Gigabit","64-bit",,,,,,,,"Shared",,"Windows","License Included",,,,,,,,"EU-BoxUsage:cc2.8xlarge","RunInstances:0002",,,,,,,,,,,,,,,,"NA",,
"62H675QZ7YACK7C3","JRTCKXETXF","62H675QZ7YACK7C3.JRTCKXETXF.6YS6EN2CT7","OnDemand","$0.00 per RHEL r4.4xlarge Dedicated Host Instance hour","2017-02-01","0","Inf","Hrs","0.0000000000","USD",,,,"Compute Instance","AmazonEC2","South America (Sao Paulo)","AWS Region","r4.4xlarge","Yes","Memory optimized","16","Intel Xeon E5-2686 v4 (Broadwell)","2.3 GHz","122 GiB","EBS only","Up to 10 Gigabit","64-bit",,,,,,,,"Host",,"RHEL","No License required",,,,,,,,"SAE1-HostBoxUsage:r4.4xlarge","RunInstances:0010",,"3000 Mbps","Yes",,,,,,,,,,,,,"NA","Intel AVX, Intel AVX2, Intel Turbo",
"UG5QD2935PFTKR58","NQ3QZPMQV9","UG5QD2935PFTKR58.NQ3QZPMQV9.6YS6EN2CT7","Reserved","USD 0.0 per Windows with SQL Server Web (Amazon VPC), t1.micro instance-hour (or partial hour)","2015-04-30","0","Inf","Hrs","0.0000000000","USD","3yr","All Upfront","standard","Compute Instance","AmazonEC2","South America (Sao Paulo)","AWS Region","t1.micro",,"Micro instances","1","Variable",,"0.613 GiB","EBS only","Very Low","32-bit or 64-bit",,,,,,,,"Shared",,"Windows","License Included",,,,,,,,"SAE1-BoxUsage:t1.micro","RunInstances:0202",,,,,,,,,,,,,,,,"SQL Web",,
"F9R54JGDY9VTMFB3","MZU6U2429S","F9R54JGDY9VTMFB3.MZU6U2429S.6YS6EN2CT7","Reserved","USD 0.0 per Windows with SQL Server Web (Amazon VPC), m4.16xlarge instance-hour (or partial hour)","2016-11-30","0","Inf","Hrs","0.0000000000","USD","3yr","All Upfront","convertible","Compute Instance","AmazonEC2","Asia Pacific (Sydney)","AWS Region","m4.16xlarge","Yes","General purpose","64","Intel Xeon E5-2686 v4 (Broadwell)","2.3 GHz","256 GiB","EBS only","20 Gigabit","64-bit",,,,,,,,"Shared",,"Windows","License Included",,,,,,,,"APS2-BoxUsage:m4.16xlarge","RunInstances:0202",,"10000 Mbps","Yes",,,,,,,,,,,,,"SQL Web","Intel AVX, Intel AVX2, Intel Turbo",
"Y4XD9NA45RXPDXY7","HU7G6KETJZ","Y4XD9NA45RXPDXY7.HU7G6KETJZ.6YS6EN2CT7","Reserved","SUSE Linux (Amazon VPC), g2.2xlarge instance-hours used this month","2015-04-30","0","Inf","Hrs","0.1540000000","USD","1yr","Partial Upfront","standard","Compute Instance","AmazonEC2","US East (N. Virginia)","AWS Region","g2.2xlarge","Yes","GPU instance","8","Intel Xeon E5-2670 (Sandy Bridge)","2.6 GHz","15 GiB","1 x 60 SSD","High","64-bit",,,,,,,,"Shared",,"SUSE","No License required",,,,,,,,"BoxUsage:g2.2xlarge","RunInstances:000g",,,,"1",,,,,,,,,,,,"NA","Intel AVX; Intel Turbo",
"GY7GAK433EZGEWJA","MZU6U2429S","GY7GAK433EZGEWJA.MZU6U2429S.6YS6EN2CT7","Reserved","USD 0.0 per Red Hat Enterprise Linux (Amazon VPC), i2.2xlarge instance-hour (or partial hour)","2016-09-30","0","Inf","Hrs","0.0000000000","USD","3yr","All Upfront","convertible","Compute Instance","AmazonEC2","EU (Ireland)","AWS Region","i2.2xlarge","Yes","Storage optimized","8","Intel Xeon E5-2670 v2 (Ivy Bridge)","2.5 GHz","61 GiB","2 x 800 SSD","High","64-bit",,,,,,,,"Shared",,"RHEL","No License required",,,,,,,,"EU-BoxUsage:i2.2xlarge","RunInstances:0010",,,"Yes",,,,,,,,,,,,,"NA","Intel AVX; Intel Turbo",
"9NJZX5JAUACYE56H","JRTCKXETXF","9NJZX5JAUACYE56H.JRTCKXETXF.6YS6EN2CT7","OnDemand","$1.466 per On Demand Windows with SQL Std r3.xlarge Instance Hour","2017-02-01","0","Inf","Hrs","1.4660000000","USD",,,,"Compute Instance","AmazonEC2","Asia Pacific (Sydney)","AWS Region","r3.xlarge","Yes","Memory optimized","4","Intel Xeon E5-2670 v2 (Ivy Bridge)","2.5 GHz","30.5 GiB","1 x 80 SSD","Moderate","64-bit",,,,,,,,"Shared",,"Windows","License Included",,,,,,,,"APS2-BoxUsage:r3.xlarge","RunInstances:0006",,,"Yes",,,,,,,,,,,,,"SQL Std","Intel AVX; Intel Turbo",
"QKYCJDCM7MBKZ2FH","R5XV2EPZQZ","QKYCJDCM7MBKZ2FH.R5XV2EPZQZ.6YS6EN2CT7","Reserved","Windows with SQL Server Standard (Amazon VPC), i2.xlarge instance-hours used this month","2016-09-30","0","Inf","Hrs","0.8540000000","USD","3yr","Partial Upfront","convertible","Compute Instance","AmazonEC2","EU (Frankfurt)","AWS Region","i2.xlarge","Yes","Storage optimized","4","Intel Xeon E5-2670 v2 (Ivy Bridge)","2.5 GHz","30.5 GiB","1 x 800 SSD","Moderate","64-bit",,,,,,,,"Dedicated",,"Windows","License Included",,,,,,,,"EUC1-DedicatedUsage:i2.xlarge","RunInstances:0006",,,"Yes",,,,,,,,,,,,,"SQL Std","Intel AVX; Intel Turbo",
"SV7GJT2UJ3UYKENQ","NQ3QZPMQV9","SV7GJT2UJ3UYKENQ.NQ3QZPMQV9.6YS6EN2CT7","Reserved","USD 0.0 per SUSE Linux (Amazon VPC), c1.xlarge instance-hour (or partial hour)","2015-04-30","0","Inf","Hrs","0.0000000000","USD","3yr","All Upfront","standard","Compute Instance","AmazonEC2","Asia Pacific (Tokyo)","AWS Region","c1.xlarge","No","Compute optimized","8","Intel Xeon Family",,"7 GiB","4 x 420","High","64-bit",,,,,,,,"Dedicated",,"SUSE","No License required",,,,,,,,"APN1-DedicatedUsage:c1.xlarge","RunInstances:000g",,,,,,,,,,,,,,,,"NA",,
"74DZW9N4CZYAFK93","6QCMYABX3D","74DZW9N4CZYAFK93.6QCMYABX3D.2TG2D8R56U","Reserved","Upfront Fee","2016-09-30",,,"Quantity","14408","USD","1yr","All Upfront","standard","Compute Instance","AmazonEC2","Asia Pacific (Singapore)","AWS Region","m3.2xlarge","Yes","General purpose","8","Intel Xeon E5-2670 v2 (Ivy Bridge/Sandy Bridge)","2.5 GHz","30 GiB","2 x 80 SSD","High","64-bit",,,,,,,,"Dedicated",,"Windows","License Included",,,,,,,,"APS1-DedicatedUsage:m3.2xlarge","RunInstances:0006",,,,,,,,,,,,,,,,"SQL Std","Intel AVX; Intel Turbo",
"6WJBRGEK35AAG8PF","38NPMPTW36","6WJBRGEK35AAG8PF.38NPMPTW36.6YS6EN2CT7","Reserved","Red Hat Enterprise Linux (Amazon VPC), c4.8xlarge instance-hours used this month","2016-11-30","0","Inf","Hrs","0.6470000000","USD","3yr","Partial Upfront","standard","Compute Instance","AmazonEC2","Asia Pacific (Tokyo)","AWS Region","c4.8xlarge","Yes","Compute optimized","36","Intel Xeon E5-2666 v3 (Haswell)","2.9 GHz","60 GiB","EBS only","10 Gigabit","64-bit",,,,,,,,"Dedicated",,"RHEL","No License required",,,,,,,,"APN1-DedicatedUsage:c4.8xlarge","RunInstances:0010",,"4000 Mbps","Yes",,,,,,,,,,,,,"NA","Intel AVX; Intel AVX2; Intel Turbo",
"DDTXDG7MMJKV72FM","MZU6U2429S","DDTXDG7MMJKV72FM.MZU6U2429S.6YS6EN2CT7","Reserved","USD 0.0 per Linux/UNIX (Amazon VPC), m4.16xlarge instance-hour (or partial hour)","2016-11-30","0","Inf","Hrs","0.0000000000","USD","3yr","All Upfront","convertible","Compute Instance","AmazonEC2","Asia Pacific (Mumbai)","AWS Region","m4.16xlarge","Yes","General purpose","64","Intel Xeon E5-2686 v4 (Broadwell)","2.3 GHz","256 GiB","EBS only","20 Gigabit","64-bit",,,,,,,,"Shared",,"Linux","No License required",,,,,,,,"APS3-BoxUsage:m4.16xlarge","RunInstances",,"10000 Mbps","Yes",,,,,,,,,,,,,"NA","Intel AVX, Intel AVX2, Intel Turbo",
"Y4PMXC8BFZB3UDSY","6QCMYABX3D","Y4PMXC8BFZB3UDSY.6QCMYABX3D.6YS6EN2CT7","Reserved","USD 0.0 per SUSE Linux (Amazon VPC), r4.xlarge instance-hour (or partial hour)","2016-11-30","0","Inf","Hrs","0.0000000000","USD","1yr","All Upfront","standard","Compute Instance","AmazonEC2","AWS GovCloud (US)","AWS Region","r4.xlarge","Yes","Memory optimized","4","Intel Xeon E5-2686 v4 (Broadwell)","2.3 GHz","30.5 GiB","EBS only","Up to 10 Gigabit","64-bit",,,,,,,,"Dedicated",,"SUSE","No License required",,,,,,,,"UGW1-DedicatedUsage:r4.xlarge","RunInstances:000g",,"800 Mbps","Yes",,,,,,,,,,,,,"NA","Intel AVX, Intel AVX2, Intel Turbo",
"N23UBSTNARQRHWES","JRTCKXETXF","N23UBSTNARQRHWES.JRTCKXETXF.6YS6EN2CT7","OnDemand","$2.76 per Dedicated Usage SUSE r3.8xlarge Instance Hour","2017-02-01","0","Inf","Hrs","2.7600000000","USD",,,,"Compute Instance","AmazonEC2","US East (N. Virginia)","AWS Region","r3.8xlarge","Yes","Memory optimized","32","Intel Xeon E5-2670 v2 (Ivy Bridge)","2.5 GHz","244 GiB","2 x 320 SSD","10 Gigabit","64-bit",,,,,,,,"Dedicated",,"SUSE","No License required",,,,,,,,"DedicatedUsage:r3.8xlarge","RunInstances:000g",,,"Yes",,,,,,,,,,,,,"NA","Intel AVX; Intel Turbo",
"WG6PB7GB8ACV9DKP","38NPMPTW36","WG6PB7GB8ACV9DKP.38NPMPTW36.6YS6EN2CT7","Reserved","SUSE Linux (Amazon VPC), c4.2xlarge instance-hours used this month","2016-11-30","0","Inf","Hrs","0.1330000000","USD","3yr","Partial Upfront","standard","Compute Instance","AmazonEC2","EU (Ireland)","AWS Region","c4.2xlarge","Yes","Compute optimized","8","Intel Xeon E5-2666 v3 (Haswell)","2.9 GHz","15 GiB","EBS only","High","64-bit",,,,,,,,"Dedicated",,"SUSE","No License required",,,,,,,,"EU-DedicatedUsage:c4.2xlarge","RunInstances:000g",,"1000 Mbps","Yes",,,,,,,,,,,,,"NA","Intel AVX; Intel AVX2; Intel Turbo",
"EK8RQK3XNDHYVHY2","38NPMPTW36","EK8RQK3XNDHYVHY2.38NPMPTW36.6YS6EN2CT7","Reserved","Red Hat Enterprise Linux (Amazon VPC), m4.10xlarge instance-hours used this month","2016-11-30","0","Inf","Hrs","0.5580000000","USD","3yr","Partial Upfront","standard","Compute Instance","AmazonEC2","US East (N. Virginia)","AWS Region","m4.10xlarge","Yes","General purpose","40","Intel Xeon E5-2676 v3 (Haswell)","2.4 GHz","160 GiB","EBS only","10 Gigabit","64-bit",,,,,,,,"Dedicated",,"RHEL","No License required",,,,,,,,"DedicatedUsage:m4.10xlarge","RunInstances:0010",,"4000 Mbps","Yes",,,,,,,,,,,,,"NA","Intel AVX; Intel AVX2; Intel Turbo",
"GTY3QM9GMN76CC5W","MZU6U2429S","GTY3QM9GMN76CC5W.MZU6U2429S.2TG2D8R56U","Reserved","Upfront Fee","2016-10-31",,,"Quantity","70843","USD","3yr","All Upfront","convertible","Compute Instance","AmazonEC2","Canada (Central)","AWS Region","d2.8xlarge","Yes","Storage optimized","36","Intel Xeon E5-2676v3 (Haswell)","2.4 GHz","244 GiB","24 x 2000 HDD","10 Gigabit","64-bit",,,,,,,,"Dedicated",,"SUSE","No License required",,,,,,,,"CAN1-DedicatedUsage:d2.8xlarge","RunInstances:000g",,,"Yes",,,,,,,,,,,,,"NA","Intel AVX; Intel AVX2; Intel Turbo",
"TZW47ZX8PTTGR68B","R5XV2EPZQZ","TZW47ZX8PTTGR68B.R5XV2EPZQZ.2TG2D8R56U","Reserved","Upfront Fee","2016-11-30",,,"Quantity","35641","USD","3yr","Partial Upfront","convertible","Compute Instance","AmazonEC2","Asia Pacific (Seoul)","AWS Region","c4.8xlarge","Yes","Compute optimized","36","Intel Xeon E5-2666 v3 (Haswell)","2.9 GHz","60 GiB","EBS only","10 Gigabit","64-bit",,,,,,,,"Shared",,"Windows","License Included",,,,,,,,"APN2-BoxUsage:c4.8xlarge","RunInstances:0002",,"4000 Mbps","Yes",,,,,,,,,,,,,"NA","Intel AVX; Intel AVX2; Intel Turbo",
